{
  "timestamp": "2025-12-17T23:27:41.842619",
  "experiments": {
    "baseline_crg": {
      "coverage": 0.9502487778663635,
      "fpr": 1.0,
      "accuracy": 0.47749999165534973
    },
    "hybrid": {
      "coverage": 0.9701492786407471,
      "fpr": 1.0,
      "accuracy": 0.48750001192092896,
      "threshold": 0.01978810876607895,
      "cal_time_sec": 200.74354791641235,
      "eval_time_sec": 1398.811558008194
    }
  },
  "fpr_improvement": 0.0,
  "target_met": false
}