{
  "dataset": "halueval",
  "n_samples": 2000,
  "n_calibration": 629,
  "n_test": 800,
  "target_coverage": 0.95,
  "crg": {
    "coverage": 0.9452736377716064,
    "coverage_gap": 0.00472636222839351,
    "fpr": 1.0,
    "accuracy": 0.4749999940395355,
    "threshold": 0.059779129922389984,
    "score_stats": {
      "hallucinated_mean": 0.3320198357105255,
      "hallucinated_std": 0.13892605900764465,
      "faithful_mean": 0.3019823133945465,
      "faithful_std": 0.11861377954483032,
      "distribution_overlap": 0.28371278458844135
    }
  },
  "baseline": {
    "coverage": 0.9452736377716064,
    "fpr": 1.0,
    "accuracy": 0.4749999940395355
  },
  "timestamp": "2025-12-16T08:15:43.965946"
}